batch,loss,accuracy
0,0.5663316249847412,0.29032257199287415
